State,Capital,Latitude,Longitude
Alabama,Montgomery,32.37742,-86.3091683
Alaska,Juneau,58.3019496,-134.419734
Arizona,Phoenix,33.4484367,-112.074141
Arkansas,Little Rock,34.7465071,-92.2896267
California,Sacramento,38.5810606,-121.493895
Colorado,Denver,39.7392364,-104.984862
Connecticut,Hartford,41.764582,-72.6908547
Delaware,Dover,39.158168,-75.5243682
Florida,Tallahassee,30.4380832,-84.2809332
Georgia,Atlanta,33.7489924,-84.3902644
Hawaii,Honolulu,21.304547,-157.855676
Idaho,Boise,43.6166163,-116.200886
Illinois,Springfield,39.7990175,-89.6439575
Indiana,Indianapolis,39.7683331,-86.1583502
Iowa,Des Moines,41.5868654,-93.6249494
Kansas,Topeka,39.049011,-95.677556
Kentucky,Frankfort,38.2009055,-84.8732836
Louisiana,Baton Rouge,30.4494155,-91.1869659
Maine,Augusta,44.3169922,-69.7734278
Maryland,Annapolis,38.9786401,-76.492786
Massachusetts,Boston,42.3554334,-71.060511
Michigan,Lansing,42.7338254,-84.5546295
Minnesota,St. Paul,44.9497487,-93.0931028
Mississippi,Jackson,32.2998686,-90.1830408
Missouri,Jefferson City,38.577359,-92.1724265
Montana,Helena,46.5927425,-112.036277
Nebraska,Lincoln,40.8088861,-96.7077751
Nevada,Carson City,39.1663259,-119.7670374
New Hampshire,Concord,43.207178,-71.537476
New Jersey,Trenton,40.2203074,-74.7659
New Mexico,Santa Fe,35.6876096,-105.938456
New York,Albany,42.6511674,-73.754968
North Carolina,Raleigh,35.7803977,-78.6390989
North Dakota,Bismarck,46.808327,-100.783739
Ohio,Columbus,39.9622601,-83.0007065
Oklahoma,Oklahoma City,35.4729886,-97.5170536
Oregon,Salem,44.9391565,-123.033121
Pennsylvania,Harrisburg,40.2663107,-76.8861122
Rhode Island,Providence,41.8239891,-71.4128343
South Carolina,Columbia,34.000754,-81.0352313
South Dakota,Pierre,44.3683644,-100.351136
Tennessee,Nashville,36.1622767,-86.7742984
Texas,Austin,30.2711286,-97.7436995
Utah,Salt Lake City,40.7596198,-111.886797
Vermont,Montpelier,44.2602244,-72.5750364
Virginia,Richmond,37.5385087,-77.43428
Washington,Olympia,47.0451022,-122.8950075
West Virginia,Charleston,38.3505995,-81.6332812
Wisconsin,Madison,43.074761,-89.3837613
Wyoming,Cheyenne,41.139981,-104.820246
